collection,test_name,solver,k,n,cost_mean,cost_stdev,cost_best_known,cost_relative_gap,cost_pre_rounded,norm_diff_best_prerounded,norm_diff_best_rounded,norm_diff_prerounded_rounded,time_mean,time_stdev,iters_best_mean,iters_min_of_k_mean,iters_mean_of_k_mean,max_iters_reached(1e5),birkhoff_infeasibility
qaplib,tai12b,sfw,1,1,58713074.0,0.0,39464925,0.4877280015102018,57648164.6297644,3.722040456365961,4.47213595499958,1.4239166832811208,0.0006129741668701172,0.0,6.0,6.0,6.0,False,0.0
qaplib,tai12b,tos,1,1,50311763.0,0.0,39464925,0.2748475513383086,46677934.2220424,3.7496611420981623,4.69041575982343,2.4984098477416157,0.12483692169189453,0.0,2351.0,2351.0,2351.0,False,2.093094083788618e-06
qaplib,esc32c,sfw,1,1,648.0,0.0,642,0.009345794392523364,595.9345632514994,7.267512666729012,7.874007874011811,3.013855211512153,0.14211082458496094,0.0,891.0,891.0,891.0,False,0.0
qaplib,esc32c,tos,1,1,642.0,0.0,642,0.0,596.859313807207,6.127679058300092,7.874007874011811,4.614563578497932,0.41138434410095215,0.0,5542.0,5542.0,5542.0,False,1.5005085239407546e-05
qaplib,kra30a,sfw,1,1,93270.0,0.0,88900,0.049156355455568054,92169.77237411651,7.188162442680901,7.615773105863909,2.0474787197819,0.036582231521606445,0.0,173.0,173.0,173.0,False,0.0
qaplib,kra30a,tos,1,1,94190.0,0.0,88900,0.05950506186726659,92363.12422410978,6.817157365192016,7.615773105863909,2.9450470046982984,0.34055089950561523,0.0,4588.0,4588.0,4588.0,False,2.5437309526613484e-05
qaplib,kra30b,sfw,1,1,94210.0,0.0,91420,0.03051848610807263,92551.38824009492,6.933577425848232,7.483314773547883,2.2530882460548316,0.04471182823181152,0.0,207.0,207.0,207.0,False,0.0
qaplib,kra30b,tos,1,1,93910.0,0.0,91420,0.027236928462043317,92255.01565001823,6.30414857876628,7.211102550927978,3.1994934306351923,0.31235194206237793,0.0,3878.0,3878.0,3878.0,False,1.2157404915617812e-05
qaplib,sko100a,sfw,1,1,153560.0,0.0,152002,0.01024986513335351,153456.26484049862,13.182694680244659,13.92838827718412,3.321980504460032,0.21110773086547852,0.0,36.0,36.0,36.0,False,0.0
qaplib,sko100a,tos,1,1,154106.0,0.0,152002,0.013841923132590361,154214.6298028392,11.08734283041403,14.0,7.781257560906588,4.01001501083374,0.0,6732.0,6732.0,6732.0,False,5.930103031141297e-06
qaplib,esc16i,sfw,1,1,14.0,0.0,14,0.0,11.00109301251688,5.379325401171976,5.477225575051661,1.4133804653225157,0.287736177444458,0.0,2621.0,2621.0,2621.0,False,0.0
qaplib,esc16i,tos,1,1,14.0,0.0,14,0.0,10.002733309220163,4.8084402716699,5.656854249492381,2.7669945831458462,0.04217934608459473,0.0,691.0,691.0,691.0,False,2.009230308278859e-06
qaplib,esc128,sfw,1,1,68.0,0.0,64,0.0625,59.043746969113116,15.504573447071932,16.0,3.640970170016722,7.928067922592163,0.0,2355.0,2355.0,2355.0,False,0.0
qaplib,esc128,tos,1,1,76.0,0.0,64,0.1875,71.38695276947402,11.73019392225805,15.937377450509228,10.674940082935827,6.444143295288086,0.0,6851.0,6851.0,6851.0,False,4.2327563749819636e-05
qaplib,chr15a,sfw,1,1,14178.0,0.0,9896,0.43270008084074374,11813.17059434277,4.628813408370789,4.898979485566356,1.657357155352152,0.22983670234680176,0.0,2136.0,2136.0,2136.0,False,0.0
qaplib,chr15a,tos,1,1,12498.0,0.0,9896,0.26293451899757475,10970.084246333048,4.774174550310776,5.0990195135927845,1.6173467255350094,0.08925628662109375,0.0,1472.0,1472.0,1472.0,False,6.317094319405845e-05
qaplib,lipa40a,sfw,1,1,32319.0,0.0,31538,0.02476377703088338,31680.708556987298,6.694451316740488,8.94427190999916,5.273025039860301,0.01399374008178711,0.0,44.0,44.0,44.0,False,0.0
qaplib,lipa40a,tos,1,1,32354.0,0.0,31538,0.025873549369015158,31636.43288075341,6.647111403550256,8.831760866327848,5.20264514695242,8.81390643119812,0.0,100000.0,100000.0,100000.0,True,4.3313595457276376e-06
qaplib,chr20b,sfw,1,1,3488.0,0.0,2298,0.5178416013925152,3092.699884539024,5.880246540476258,6.324555320336759,1.713813876219547,0.20542383193969727,0.0,1887.0,1887.0,1887.0,False,0.0
qaplib,chr20b,tos,1,1,2872.0,0.0,2298,0.24978241949521324,2520.3047288261487,5.978056572359418,6.324555320336759,1.606609271783264,0.19527506828308105,0.0,3298.0,3298.0,3298.0,False,6.522856511438632e-05
qaplib,scr15,sfw,1,1,51140.0,0.0,51140,0.0,49434.982193929056,4.713361541546433,4.898979485566356,0.8441070473590147,0.021840572357177734,0.0,188.0,188.0,188.0,False,0.0
qaplib,scr15,tos,1,1,56644.0,0.0,51140,0.10762612436448964,53483.18678395355,4.805589612236531,5.477225575051661,2.2023572308906814,0.1296684741973877,0.0,2330.0,2330.0,2330.0,False,2.0330667868530106e-05
qaplib,esc16h,sfw,1,1,996.0,0.0,996,0.0,847.8365210472023,4.577972873324297,5.656854249492381,2.702429780619151,0.15641283988952637,0.0,1510.0,1510.0,1510.0,False,0.0
qaplib,esc16h,tos,1,1,1100.0,0.0,996,0.10441767068273092,961.654099122599,4.533907107141836,5.656854249492381,3.0329848343534143,0.17070341110229492,0.0,3184.0,3184.0,3184.0,False,0.00016468871116795855
qaplib,tai25b,sfw,1,1,458284444.0,0.0,344355646,0.33084631927306923,458284444.0,6.48074069840786,6.48074069840786,0.0,0.0006914138793945312,0.0,5.0,5.0,5.0,False,0.0
qaplib,tai25b,tos,1,1,581486458.0,0.0,344355646,0.6886218209414809,556894267.8512212,5.3761187193087565,6.928203230275509,3.5359332482469776,6.540215492248535,0.0,100000.0,100000.0,100000.0,True,1.6097458912374202e-05
qaplib,had16,sfw,1,1,3736.0,0.0,3720,0.004301075268817204,3650.7162536687356,2.963189794320593,3.4641016151377544,2.6022862797155817,0.03533339500427246,0.0,284.0,284.0,284.0,False,0.0
qaplib,had16,tos,1,1,3736.0,0.0,3720,0.004301075268817204,3650.7633568569117,2.9858493078400272,3.4641016151377544,2.662726909158082,0.13702130317687988,0.0,2514.0,2514.0,2514.0,False,3.4725623013511184e-06
qaplib,rou15,sfw,1,1,372356.0,0.0,354210,0.05122949662629513,366765.1042562499,4.873579824172781,5.0990195135927845,1.133704229875863,0.022678613662719727,0.0,229.0,229.0,229.0,False,0.0
qaplib,rou15,tos,1,1,365050.0,0.0,354210,0.03060331441800062,359582.4099022964,4.710016821475507,5.0990195135927845,1.6247585536756128,0.13889241218566895,0.0,2476.0,2476.0,2476.0,False,2.0821503883753154e-06
qaplib,tai15b,sfw,1,1,347461635.0,0.0,51765268,5.712254150794699,347461635.0,5.291502622129181,5.291502622129181,0.0,0.00015735626220703125,0.0,1.0,1.0,1.0,False,0.0
qaplib,tai15b,tos,1,1,422324927.0,0.0,51765268,7.158461132665246,351653021.46310496,3.7995177303951895,5.477225575051661,3.5120072064516665,0.19106698036193848,0.0,3487.0,3487.0,3487.0,False,5.824413776655642e-07
qaplib,esc32b,sfw,1,1,200.0,0.0,168,0.19047619047619047,198.36405018049467,7.720193931474008,8.0,1.058093119656376,0.032163143157958984,0.0,192.0,192.0,192.0,False,0.0
qaplib,esc32b,tos,1,1,192.0,0.0,168,0.14285714285714285,187.0622776070154,7.261626118752307,8.0,3.1455448323577744,0.16988086700439453,0.0,1875.0,1875.0,1875.0,False,3.363139406929224e-06
qaplib,esc16g,sfw,1,1,28.0,0.0,26,0.07692307692307693,27.103769562796295,5.264756826466257,5.477225575051661,1.0795971149560193,0.07126712799072266,0.0,750.0,750.0,750.0,False,0.0
qaplib,esc16g,tos,1,1,26.0,0.0,26,0.0,25.335692577789047,4.681668556383232,5.477225575051661,2.7820490711990757,0.09269928932189941,0.0,1649.0,1649.0,1649.0,False,1.1231819977897303e-05
qaplib,sko42,sfw,1,1,16044.0,0.0,15812,0.014672400708322793,15999.925613169706,8.498631097527573,9.055385138137417,2.3596607698838494,0.027825117111206055,0.0,78.0,78.0,78.0,False,0.0
qaplib,sko42,tos,1,1,16506.0,0.0,15812,0.0438907159119656,16009.79509508629,7.852643398767065,9.055385138137417,3.966210451332348,0.40116167068481445,0.0,4225.0,4225.0,4225.0,False,8.794225704101096e-06
qaplib,lipa30a,sfw,1,1,13578.0,0.0,13178,0.030353619669145546,13267.338570294974,5.7583114998237095,7.615773105863909,4.6152792197240515,0.010555267333984375,0.0,43.0,43.0,43.0,False,0.0
qaplib,lipa30a,tos,1,1,13576.0,0.0,13178,0.03020185157079982,13218.605017694768,5.8239502532535905,7.615773105863909,4.419438959298759,7.365075588226318,0.0,100000.0,100000.0,100000.0,True,8.900080095493842e-07
qaplib,had18,sfw,1,1,5390.0,0.0,5358,0.0059723777528928705,5284.346173965305,4.8046460112363665,5.830951894845301,2.9841930543542676,0.02940845489501953,0.0,262.0,262.0,262.0,False,0.0
qaplib,had18,tos,1,1,5390.0,0.0,5358,0.0059723777528928705,5274.621897459484,3.132637157479983,4.242640687119285,2.9701673383350222,0.14564037322998047,0.0,2605.0,2605.0,2605.0,False,5.795787879621327e-07
qaplib,lipa20b,sfw,1,1,27076.0,0.0,27076,0.0,27076.0,0.0,0.0,0.0,0.0008637905120849609,0.0,7.0,7.0,7.0,False,0.0
qaplib,lipa20b,tos,1,1,27076.0,0.0,27076,0.0,27096.272613757275,0.007025157008399452,0.0,0.007025157008399452,0.16860342025756836,0.0,2911.0,2911.0,2911.0,False,1.703795566159433e-07
qaplib,chr15b,sfw,1,1,16062.0,0.0,7990,1.0102628285356696,13684.464088093126,4.544554598590739,4.898979485566356,1.005727559129756,0.17766427993774414,0.0,1911.0,1911.0,1911.0,False,0.0
qaplib,chr15b,tos,1,1,13330.0,0.0,7990,0.6683354192740926,11401.445060442515,5.040582838524373,5.291502622129181,1.569665186734745,0.17253899574279785,0.0,3113.0,3113.0,3113.0,False,7.648205528791534e-05
qaplib,chr12b,sfw,1,1,13772.0,0.0,9742,0.4136727571340587,12739.283898521708,3.5509446454712426,3.7416573867739413,1.036457787066121,0.06626462936401367,0.0,749.0,749.0,749.0,False,0.0
qaplib,chr12b,tos,1,1,11636.0,0.0,9742,0.19441593102032437,11412.330961827247,4.50710520251089,4.898979485566356,1.5548177387682027,0.1458289623260498,0.0,2728.0,2728.0,2728.0,False,8.609864925279695e-05
qaplib,bur26e,sfw,1,1,5737524.0,0.0,5386879,0.06509242179005692,5717814.764995319,5.824533709200718,7.211102550927978,3.1751631956942217,0.0013132095336914062,0.0,9.0,9.0,9.0,False,0.0
qaplib,bur26e,tos,1,1,5666211.0,0.0,5386879,0.05185414411573009,5647185.412118077,5.481793885469286,7.0710678118654755,4.164060364397155,0.5435822010040283,0.0,8156.0,8156.0,8156.0,False,1.7903112300811328e-05
qaplib,wil50,sfw,1,1,48910.0,0.0,48816,0.0019255981645362177,48786.47295576254,8.756542936534213,9.695359714832659,3.411835348797993,0.040071725845336914,0.0,72.0,72.0,72.0,False,0.0
qaplib,wil50,tos,1,1,49210.0,0.0,48816,0.0080711242215667,49076.974809438674,7.748645153306296,9.486832980505138,4.761702764887886,0.708733081817627,0.0,5920.0,5920.0,5920.0,False,4.9201478714057705e-06
qaplib,lipa80a,sfw,1,1,256462.0,0.0,253195,0.01290309840241711,254083.3429434194,9.397182277112867,12.649110640673518,7.4718321690290574,0.24456071853637695,0.0,96.0,96.0,96.0,False,0.0
qaplib,lipa80a,tos,1,1,257011.0,0.0,253195,0.015071387665633207,253947.19511839858,9.434222043608354,12.489995996796797,7.456215543722232,11.524144887924194,0.0,23211.0,23211.0,23211.0,False,6.199312192772596e-06
qaplib,tai30a,sfw,1,1,1873186.0,0.0,1818146,0.03027259637014849,1859911.8464450473,6.6679601081231485,7.211102550927978,1.7373322652566248,0.055710554122924805,0.0,144.0,144.0,144.0,False,0.0
qaplib,tai30a,tos,1,1,1926870.0,0.0,1818146,0.05979937804774754,1883912.8877834962,6.72602542604449,7.3484692283495345,2.7349031104868073,0.652026891708374,0.0,8792.0,8792.0,8792.0,False,1.0234830783968459e-05
qaplib,lipa30b,sfw,1,1,151426.0,0.0,151426,0.0,151426.0,0.0,0.0,0.0,0.002166271209716797,0.0,12.0,12.0,12.0,False,0.0
qaplib,lipa30b,tos,1,1,151426.0,0.0,151426,0.0,151461.51657842513,0.004253116236249835,0.0,0.004253116236249835,0.13092851638793945,0.0,1677.0,1677.0,1677.0,False,0.0001035850101309281
qaplib,tai60b,sfw,1,1,804358393.0,0.0,608215054,0.32249010890151364,788159786.1996574,9.17651231160256,10.862780491200215,4.17453353728769,0.005462646484375,0.0,10.0,10.0,10.0,False,0.0
qaplib,tai60b,tos,1,1,800775617.0,0.0,608215054,0.316599468779344,813756006.3005123,7.932234001813948,10.862780491200215,7.124767643703172,15.171911239624023,0.0,100000.0,100000.0,100000.0,True,3.5707852699122576e-05
qaplib,nug30,sfw,1,1,6204.0,0.0,6124,0.013063357282821686,6188.959214423652,7.258388758487593,7.615773105863909,1.3219581784511996,0.01774907112121582,0.0,84.0,84.0,84.0,False,0.0
qaplib,nug30,tos,1,1,6152.0,0.0,6124,0.0045721750489875895,6116.172026301592,6.1965351946711715,6.928203230275509,2.1470024669724856,0.4197072982788086,0.0,5587.0,5587.0,5587.0,False,3.802451653085542e-05
qaplib,esc16b,sfw,1,1,292.0,0.0,292,0.0,268.6535442203694,4.690020547281502,5.477225575051661,2.5383867697608005,0.11401152610778809,0.0,911.0,911.0,911.0,False,0.0
qaplib,esc16b,tos,1,1,292.0,0.0,292,0.0,268.61302528643006,4.726538942375665,5.291502622129181,2.590002566442151,0.1574561595916748,0.0,2723.0,2723.0,2723.0,False,0.00011757738893174432
qaplib,nug12,sfw,1,1,590.0,0.0,578,0.020761245674740483,569.8047667024823,4.222726167163791,4.69041575982343,1.4366928354548252,0.03410625457763672,0.0,367.0,367.0,367.0,False,0.0
qaplib,nug12,tos,1,1,598.0,0.0,578,0.03460207612456748,578.7839001421908,3.4613245617258723,3.7416573867739413,1.2023979696370775,0.37062978744506836,0.0,6625.0,6625.0,6625.0,False,5.2522555216887544e-05
qaplib,sko72,sfw,1,1,67198.0,0.0,66256,0.014217580294614828,67133.85874542865,11.139738811891727,11.661903789690601,2.7280922767756293,0.12967729568481445,0.0,44.0,44.0,44.0,False,0.0
qaplib,sko72,tos,1,1,67114.0,0.0,66256,0.012949770586814778,67078.23844400689,9.534495455547388,11.575836902790225,6.256344383915247,2.3761720657348633,0.0,5352.0,5352.0,5352.0,False,1.3131669874094203e-05
qaplib,had12,sfw,1,1,1684.0,0.0,1652,0.01937046004842615,1602.7591050607507,2.707282711233701,3.1622776601683795,2.422161173606896,0.08526420593261719,0.0,491.0,491.0,491.0,False,0.0
qaplib,had12,tos,1,1,1684.0,0.0,1652,0.01937046004842615,1602.6571522516438,2.719631953108583,3.1622776601683795,2.5067452123130245,0.077301025390625,0.0,1317.0,1317.0,1317.0,False,5.255879859314018e-07
qaplib,tho30,sfw,1,1,154814.0,0.0,149936,0.03253388112261232,153568.6949797591,6.289839716126377,7.0710678118654755,2.240823692481718,0.037694454193115234,0.0,170.0,170.0,170.0,False,0.0
qaplib,tho30,tos,1,1,151298.0,0.0,149936,0.009083875787002454,151228.95313126667,6.953950313537891,7.745966692414834,2.4128311118654597,0.42197251319885254,0.0,5703.0,5703.0,5703.0,False,4.399417113164844e-05
qaplib,nug25,sfw,1,1,3764.0,0.0,3744,0.005341880341880342,3735.006390997284,6.284336626303857,6.928203230275509,2.132036633483711,0.04795956611633301,0.0,285.0,285.0,285.0,False,0.0
qaplib,nug25,tos,1,1,3824.0,0.0,3744,0.021367521367521368,3789.121078265658,5.140967925166545,5.477225575051661,2.286732515531533,0.2189781665802002,0.0,2956.0,2956.0,2956.0,False,1.3140710517704005e-05
qaplib,esc64a,sfw,1,1,116.0,0.0,116,0.0,105.449894084422,10.977813274355565,11.313708498984761,2.3684466704872595,0.405350923538208,0.0,918.0,918.0,918.0,False,0.0
qaplib,esc64a,tos,1,1,116.0,0.0,116,0.0,106.05183740427867,8.671932162711201,11.313708498984761,6.914392694931387,1.5616767406463623,0.0,8958.0,8958.0,8958.0,False,3.865227340490175e-05
qaplib,chr12a,sfw,1,1,13396.0,0.0,9552,0.402428810720268,10637.761531350392,4.468173971900825,4.69041575982343,1.3813306043482583,0.3165702819824219,0.0,3612.0,3612.0,3612.0,False,0.0
qaplib,chr12a,tos,1,1,14776.0,0.0,9552,0.5469011725293133,11319.646622569573,4.350217564572522,4.69041575982343,1.7239795055096376,0.057504892349243164,0.0,1021.0,1021.0,1021.0,False,0.00010068368243259874
qaplib,esc32e,sfw,1,1,2.0,0.0,2,0.0,0.8572449096589647,7.6948610790667935,7.874007874011811,1.3399609808463495,1.7116103172302246,0.0,11465.0,11465.0,11465.0,False,0.0
qaplib,esc32e,tos,1,1,2.0,0.0,2,0.0,0.8711691205388323,5.923792339674486,8.0,5.023801653987773,0.14436793327331543,0.0,1809.0,1809.0,1809.0,False,4.848004888722165e-05
qaplib,tai100a,sfw,1,1,21487012.0,0.0,21044752,0.02101521557488537,21399192.048162144,13.578489116625676,13.92838827718412,2.4438718136268713,0.13425850868225098,0.0,47.0,47.0,47.0,False,0.0
qaplib,tai100a,tos,1,1,21947178.0,0.0,21044752,0.04288128460720279,21820341.349621736,12.359397126281113,14.0,5.604830633398855,6.393426418304443,0.0,9395.0,9395.0,9395.0,False,1.2086196564028672e-05
qaplib,tai35b,sfw,1,1,364557735.0,0.0,283315445,0.2867555985166993,364557726.209962,8.121928953999895,8.12403840463596,0.004096288996204865,0.0023996829986572266,0.0,7.0,7.0,7.0,False,0.0
qaplib,tai35b,tos,1,1,342014048.0,0.0,283315445,0.20718462066196214,344390347.6499722,6.221886768689168,8.12403840463596,4.603426978974467,8.822100400924683,0.0,100000.0,100000.0,100000.0,True,0.0020024171781378936
qaplib,nug20,sfw,1,1,2596.0,0.0,2570,0.010116731517509728,2570.8320003014715,5.766504631018153,6.324555320336759,2.1060691879927607,0.036620140075683594,0.0,263.0,263.0,263.0,False,0.0
qaplib,nug20,tos,1,1,2580.0,0.0,2570,0.0038910505836575876,2562.218840571457,5.684940321367295,6.324555320336759,1.9864844575524627,0.36728668212890625,0.0,5368.0,5368.0,5368.0,False,1.700119141343149e-06
qaplib,had20,sfw,1,1,6988.0,0.0,6922,0.009534816527015313,6846.388154216169,5.16006182333616,6.164414002968976,2.973192030763072,0.03350973129272461,0.0,213.0,213.0,213.0,False,0.0
qaplib,had20,tos,1,1,6984.0,0.0,6922,0.008956948858711355,6847.448824983057,5.047784951158493,6.164414002968976,3.1299304019580045,0.27722787857055664,0.0,3561.0,3561.0,3561.0,False,1.8355674231275824e-05
qaplib,lipa20a,sfw,1,1,3889.0,0.0,3683,0.05593266358946511,3709.6115190424966,4.532563241984583,6.164414002968976,3.7605004065892107,0.0062220096588134766,0.0,35.0,35.0,35.0,False,0.0
qaplib,lipa20a,tos,1,1,3839.0,0.0,3683,0.04235677436872115,3685.150679911738,4.745021915576388,6.164414002968976,3.4994313387262226,1.1273689270019531,0.0,17193.0,17193.0,17193.0,False,1.6926150482925244e-05
qaplib,ste36a,sfw,1,1,10150.0,0.0,9526,0.065504933865211,9784.724565333556,7.563427573959281,8.366600265340756,2.721229604086028,0.12790846824645996,0.0,507.0,507.0,507.0,False,0.0
qaplib,ste36a,tos,1,1,9842.0,0.0,9526,0.03317237035481839,9543.532117669463,7.234604606273332,8.366600265340756,3.031590795862384,0.6643943786621094,0.0,6816.0,6816.0,6816.0,False,2.256218000049133e-05
qaplib,nug24,sfw,1,1,3496.0,0.0,3488,0.0022935779816513763,3460.136603654632,6.343301665601481,6.928203230275509,2.142024409813772,0.03239035606384277,0.0,199.0,199.0,199.0,False,0.0
qaplib,nug24,tos,1,1,3552.0,0.0,3488,0.01834862385321101,3490.6294864675983,5.7607839224074375,6.48074069840786,2.591917881233381,0.17863059043884277,0.0,2348.0,2348.0,2348.0,False,3.69507690531362e-05
qaplib,rou20,sfw,1,1,743760.0,0.0,725522,0.02513776287969214,733492.9166614439,5.489520781780101,5.830951894845301,1.5369005773860176,0.03179740905761719,0.0,244.0,244.0,244.0,False,0.0
qaplib,rou20,tos,1,1,742474.0,0.0,725522,0.02336524598840559,730935.955655713,5.491484534362772,6.0,2.059793232814514,0.16232705116271973,0.0,2597.0,2597.0,2597.0,False,7.995249465216647e-05
qaplib,lipa40b,sfw,1,1,556384.0,0.0,476581,0.16744897509552417,551996.3164977394,7.275280304467193,8.12403840463596,2.9177376503964867,0.049835920333862305,0.0,152.0,152.0,152.0,False,0.0
qaplib,lipa40b,tos,1,1,476581.0,0.0,476581,0.0,476692.35595334275,0.004685394368361459,0.0,0.004685394368361459,0.12508606910705566,0.0,1255.0,1255.0,1255.0,False,2.527169054141011e-05
qaplib,bur26f,sfw,1,1,3982187.0,0.0,3782044,0.052919267993709225,3977251.034569353,5.968909809486145,6.6332495807108,1.954799595244505,0.0007419586181640625,0.0,5.0,5.0,5.0,False,0.0
qaplib,bur26f,tos,1,1,3864816.0,0.0,3782044,0.021885520105001423,3895138.433188989,5.125287162540534,6.782329983125268,4.383761828097401,0.6188437938690186,0.0,8745.0,8745.0,8745.0,False,8.186000972529758e-06
qaplib,bur26g,sfw,1,1,10729233.0,0.0,10117172,0.06049724171932631,10724174.944659693,6.563603329464275,7.0710678118654755,1.2944932017834925,0.0006361007690429688,0.0,4.0,4.0,4.0,False,0.0
qaplib,bur26g,tos,1,1,10588408.0,0.0,10117172,0.04657783815477289,10641309.645404538,5.566987959810892,7.0710678118654755,4.263421100587146,1.1315863132476807,0.0,15683.0,15683.0,15683.0,False,1.1514512326222147e-05
qaplib,lipa60a,sfw,1,1,109025.0,0.0,107218,0.01685351340260031,107654.28844312453,8.164207582464853,10.954451150103322,6.5030556835037405,0.05178427696228027,0.0,62.0,62.0,62.0,False,0.0
qaplib,lipa60a,tos,1,1,109171.0,0.0,107218,0.018215225055494413,107520.8213156906,8.328474285760949,10.862780491200215,6.368967787918324,15.410964250564575,0.0,100000.0,100000.0,100000.0,True,6.48203499099897e-07
qaplib,chr18a,sfw,1,1,18926.0,0.0,11098,0.7053523157325644,17212.96623619969,5.642019972384904,6.0,1.4846361367226035,0.14108872413635254,0.0,1387.0,1387.0,1387.0,False,0.0
qaplib,chr18a,tos,1,1,18132.0,0.0,11098,0.6338078933141107,16542.544654719375,5.758671893785237,6.0,1.3388336932281675,0.24320268630981445,0.0,4100.0,4100.0,4100.0,False,9.019416589027341e-05
qaplib,esc16d,sfw,1,1,16.0,0.0,16,0.0,13.117648925277269,5.294122686531423,5.656854249492381,1.7232291164065043,0.0029821395874023438,0.0,31.0,31.0,31.0,False,0.0
qaplib,esc16d,tos,1,1,16.0,0.0,16,0.0,12.760807164276436,4.253591795976908,5.0990195135927845,2.0178263916932733,0.0877525806427002,0.0,1570.0,1570.0,1570.0,False,7.894697302681345e-06
qaplib,chr22b,sfw,1,1,8634.0,0.0,6194,0.3939296092993219,6223.85259889348,5.616994845169394,6.48074069840786,2.5762361778214093,0.44364166259765625,0.0,3858.0,3858.0,3858.0,False,0.0
qaplib,chr22b,tos,1,1,7640.0,0.0,6194,0.23345172747820472,5494.139236221422,5.573484776000406,6.324555320336759,2.8585583603363385,0.17222833633422852,0.0,2736.0,2736.0,2736.0,False,4.5978554680919894e-05
qaplib,tho150,sfw,1,1,8240906.0,0.0,8133398,0.013218091626648542,8233428.622293325,15.993691610594764,17.08800749063506,4.489636645518072,0.43651676177978516,0.0,34.0,34.0,34.0,False,0.0
qaplib,tho150,tos,1,1,8312242.0,0.0,8133398,0.021988841564128548,8329134.249446218,12.949246911939303,17.204650534085253,10.51557704012188,7.950644493103027,0.0,6024.0,6024.0,6024.0,False,4.633326974987456e-06
qaplib,tai17a,sfw,1,1,505936.0,0.0,491812,0.02871829072897774,495125.0358687022,5.2712200600264865,5.656854249492381,1.556976031995374,0.09460687637329102,0.0,479.0,479.0,479.0,False,0.0
qaplib,tai17a,tos,1,1,499878.0,0.0,491812,0.016400575829788617,496078.6217723974,5.389148912019656,5.656854249492381,1.3692046192136158,0.20986676216125488,0.0,3567.0,3567.0,3567.0,False,1.8786215162744192e-06
qaplib,nug28,sfw,1,1,5230.0,0.0,5166,0.012388695315524584,5202.161888784685,6.785981687195486,7.211102550927978,1.631681839103239,0.01956486701965332,0.0,111.0,111.0,111.0,False,0.0
qaplib,nug28,tos,1,1,5258.0,0.0,5166,0.01780874951606659,5226.742812029153,6.001727743124427,6.928203230275509,3.016305659121148,0.2296738624572754,0.0,3196.0,3196.0,3196.0,False,8.37063614764495e-06
qaplib,sko100c,sfw,1,1,149366.0,0.0,147862,0.010171646535282899,149311.90437362084,13.318100628563132,14.0,3.1539202749934154,0.6269237995147705,0.0,96.0,96.0,96.0,False,0.0
qaplib,sko100c,tos,1,1,149988.0,0.0,147862,0.014378271631656545,150523.4438612341,10.822657575815352,14.071247279470288,7.963544681056082,3.649819850921631,0.0,5622.0,5622.0,5622.0,False,8.563852426186135e-06
qaplib,tai30b,sfw,1,1,975238835.0,0.0,637117113,0.5307057605278922,942029042.0196635,6.6587074214732755,7.615773105863909,2.892253152064954,0.0027446746826171875,0.0,6.0,6.0,6.0,False,0.0
qaplib,tai30b,tos,1,1,857271247.0,0.0,637117113,0.3455473562205195,871202167.4962171,6.14210877747105,7.745966692414834,4.0921435612128665,7.70956563949585,0.0,100000.0,100000.0,100000.0,True,0.00014284000606646304
qaplib,tai35a,sfw,1,1,2481636.0,0.0,2422002,0.024621779833377513,2465881.286649386,7.938983954137242,8.366600265340756,1.9309854717652641,0.0246737003326416,0.0,113.0,113.0,113.0,False,0.0
qaplib,tai35a,tos,1,1,2521708.0,0.0,2422002,0.04116677029994195,2468260.42626631,7.6770237568041955,8.246211251235321,2.350319196046855,0.5879802703857422,0.0,6765.0,6765.0,6765.0,False,2.0485869669457753e-05
qaplib,tai20b,sfw,1,1,182390171.0,0.0,122455319,0.4894426186583206,181923852.34448034,5.859395932500107,6.164414002968976,0.7045770373888577,0.0006103515625,0.0,5.0,5.0,5.0,False,0.0
qaplib,tai20b,tos,1,1,219539400.0,0.0,122455319,0.7928122828212958,212477464.49257243,4.951604540813301,6.164414002968976,3.2517847875620203,6.129535675048828,0.0,100000.0,100000.0,100000.0,True,6.404789168664575e-06
qaplib,bur26c,sfw,1,1,5773834.0,0.0,5426795,0.06394916336437989,5726183.880983471,5.587436740112444,6.782329983125268,3.2549618145161734,0.0006482601165771484,0.0,4.0,4.0,4.0,False,0.0
qaplib,bur26c,tos,1,1,5608584.0,0.0,5426795,0.03349840928209007,5614507.164548607,5.235642045920094,7.211102550927978,4.2866886971318685,0.5438079833984375,0.0,7695.0,7695.0,7695.0,False,1.5036051937819791e-05
qaplib,chr22a,sfw,1,1,9514.0,0.0,6156,0.5454840805717999,7122.113439332533,5.826327073876394,6.48074069840786,2.5346443508808894,0.4146153926849365,0.0,3278.0,3278.0,3278.0,False,0.0
qaplib,chr22a,tos,1,1,7070.0,0.0,6156,0.1484730344379467,5616.170420114338,5.8179688735356505,6.48074069840786,2.635257438862918,0.3876922130584717,0.0,6109.0,6109.0,6109.0,False,3.357695083000943e-05
qaplib,lipa90a,sfw,1,1,364705.0,0.0,360630,0.011299670021906108,361876.13110440085,10.003009122775508,13.2664991614216,7.892494531309906,0.27681660652160645,0.0,68.0,68.0,68.0,False,0.0
qaplib,lipa90a,tos,1,1,365408.0,0.0,360630,0.013249036408507334,361692.23714715353,9.939055500833412,13.341664064126334,8.27977045594354,7.355493545532227,0.0,12937.0,12937.0,12937.0,False,2.9501121705357537e-06
qaplib,sko100b,sfw,1,1,155250.0,0.0,153890,0.00883748131782442,155208.5085976253,13.291416311689378,14.142135623730951,3.518312987441767,0.32207489013671875,0.0,55.0,55.0,55.0,False,0.0
qaplib,sko100b,tos,1,1,155208.0,0.0,153890,0.008564559100656313,155551.07388718892,10.511460723455459,13.711309200802088,7.959610639605872,3.7336270809173584,0.0,5637.0,5637.0,5637.0,False,7.26575761892171e-06
qaplib,scr12,sfw,1,1,42196.0,0.0,31410,0.34339382362305,33547.59406320523,4.293656813302567,4.69041575982343,1.864476462408485,0.008654356002807617,0.0,41.0,41.0,41.0,False,0.0
qaplib,scr12,tos,1,1,35476.0,0.0,31410,0.1294492199936326,29980.770576311857,3.3016632836899555,3.4641016151377544,1.681620542620882,0.22212719917297363,0.0,3482.0,3482.0,3482.0,False,9.005910922976103e-05
qaplib,tai40a,sfw,1,1,3231898.0,0.0,3139370,0.0294734293823283,3214199.771488708,8.370341677623571,8.831760866327848,2.3244613935592655,0.028243541717529297,0.0,107.0,107.0,107.0,False,0.0
qaplib,tai40a,tos,1,1,3258136.0,0.0,3139370,0.03783115720670071,3231935.1758859064,8.25852713311089,8.831760866327848,2.2181780133895184,0.47174715995788574,0.0,4975.0,4975.0,4975.0,False,1.0819915309595988e-05
qaplib,lipa60b,sfw,1,1,2520135.0,0.0,2520135,0.0,2520135.0,0.0,0.0,0.0,0.004500865936279297,0.0,9.0,9.0,9.0,False,0.0
qaplib,lipa60b,tos,1,1,2520135.0,0.0,2520135,0.0,2519598.5866101314,0.005090199344412833,0.0,0.005090199344412833,0.4322245121002197,0.0,2741.0,2741.0,2741.0,False,9.484525144540931e-05
qaplib,esc16e,sfw,1,1,28.0,0.0,28,0.0,25.580061711838223,5.259890944140056,5.477225575051661,1.093279522706143,0.11152243614196777,0.0,1167.0,1167.0,1167.0,False,0.0
qaplib,esc16e,tos,1,1,32.0,0.0,28,0.14285714285714285,27.14186223731047,4.4524014078833885,5.656854249492381,2.996238368462202,0.10397481918334961,0.0,1791.0,1791.0,1791.0,False,3.366317944369533e-05
qaplib,tai20a,sfw,1,1,742730.0,0.0,703482,0.05579105080158412,730494.7529025433,5.677229038024674,6.164414002968976,1.7002381124967538,0.0325627326965332,0.0,265.0,265.0,265.0,False,0.0
qaplib,tai20a,tos,1,1,752580.0,0.0,703482,0.06979283052018388,722366.6611043001,5.902486778001049,6.324555320336759,1.9900637178081446,0.26044201850891113,0.0,4269.0,4269.0,4269.0,False,4.672835886878958e-06
qaplib,esc32d,sfw,1,1,214.0,0.0,200,0.07,207.97195140557088,7.352465401090577,7.745966692414834,1.7745341060719906,0.0787506103515625,0.0,455.0,455.0,455.0,False,0.0
qaplib,esc32d,tos,1,1,208.0,0.0,200,0.04,198.48737791681907,6.107730198596935,7.3484692283495345,4.275678702889864,0.38065433502197266,0.0,4786.0,4786.0,4786.0,False,0.00015744357071430942
qaplib,bur26h,sfw,1,1,7559097.0,0.0,7098658,0.06486282336745904,7539410.15532546,6.314458860875437,7.0710678118654755,2.2539129462979792,0.0004971027374267578,0.0,3.0,3.0,3.0,False,0.0
qaplib,bur26h,tos,1,1,7596276.0,0.0,7098658,0.07010029219607425,7564970.986667475,5.242360627657184,6.928203230275509,4.529058558035112,7.103574514389038,0.0,100000.0,100000.0,100000.0,True,0.0014493444083748372
qaplib,lipa50b,sfw,1,1,1210244.0,0.0,1210244,0.0,1210244.0,0.0,0.0,0.0,0.0022401809692382812,0.0,6.0,6.0,6.0,False,0.0
qaplib,lipa50b,tos,1,1,1210244.0,0.0,1210244,0.0,1210117.4625093485,0.004779165843209452,0.0,0.004779165843209452,0.20451116561889648,0.0,1665.0,1665.0,1665.0,False,0.0001241045524180799
qaplib,rou12,sfw,1,1,235528.0,0.0,235528,0.0,230009.23473351024,1.2130445599798851,0.0,1.2130445599798851,0.022154808044433594,0.0,257.0,257.0,257.0,False,0.0
qaplib,rou12,tos,1,1,251266.0,0.0,235528,0.0668200808396454,239324.35470625834,4.039523247442077,4.69041575982343,1.8572389700313507,0.10341739654541016,0.0,1902.0,1902.0,1902.0,False,1.656356201284369e-05
qaplib,esc16f,sfw,1,1,0.0,0.0,0,0.0,0.0,5.656854249492381,5.656854249492381,0.0,0.00011754035949707031,0.0,1.0,1.0,1.0,False,0.0
qaplib,esc16f,tos,1,1,0.0,0.0,0,0.0,0.0,3.855099260082068,5.0990195135927845,3.7766199892133003,0.00011944770812988281,0.0,1.0,1.0,1.0,False,0.0
qaplib,tai15a,sfw,1,1,416470.0,0.0,388214,0.07278459818553684,395179.03435740806,4.952675981186313,5.477225575051661,2.0930148340359556,0.0437009334564209,0.0,418.0,418.0,418.0,False,0.0
qaplib,tai15a,tos,1,1,398922.0,0.0,388214,0.02758272499188592,385741.90660230233,5.099992704140469,5.477225575051661,1.454174551434676,0.1787891387939453,0.0,3088.0,3088.0,3088.0,False,1.3551883726750437e-05
qaplib,chr25a,sfw,1,1,4920.0,0.0,3796,0.29610115911485774,4729.809507554821,6.74858267409871,6.928203230275509,1.209997502106375,0.007464170455932617,0.0,52.0,52.0,52.0,False,0.0
qaplib,chr25a,tos,1,1,6116.0,0.0,3796,0.6111696522655427,5210.648887926565,5.9978511139520325,6.782329983125268,2.282492136408413,0.30605173110961914,0.0,4439.0,4439.0,4439.0,False,4.909808719855236e-05
qaplib,nug16a,sfw,1,1,1646.0,0.0,1610,0.02236024844720497,1617.9226506196885,4.6509609357108594,5.0990195135927845,1.64751644448464,0.023394107818603516,0.0,228.0,228.0,228.0,False,0.0
qaplib,nug16a,tos,1,1,1634.0,0.0,1610,0.014906832298136646,1605.6085165947097,4.726007277012246,5.291502622129181,1.4938541031718504,0.2448592185974121,0.0,4260.0,4260.0,4260.0,False,9.418615630137285e-06
qaplib,sko81,sfw,1,1,92176.0,0.0,90998,0.012945339458010066,92088.21669362589,11.624994608302595,12.328828005937952,3.2371844955608076,0.19190740585327148,0.0,61.0,61.0,61.0,False,0.0
qaplib,sko81,tos,1,1,92066.0,0.0,90998,0.011736521681795205,92149.09610894688,10.04303138885972,12.569805089976535,6.583728524509324,2.776611566543579,0.0,5912.0,5912.0,5912.0,False,8.570552201464131e-06
qaplib,bur26d,sfw,1,1,4019258.0,0.0,3821225,0.051824480369515015,4019258.0,6.6332495807108,6.6332495807108,0.0,0.0009405612945556641,0.0,3.0,3.0,3.0,False,0.0
qaplib,bur26d,tos,1,1,3981329.0,0.0,3821225,0.04189860581358072,3965363.3181607216,5.171362441587277,6.6332495807108,4.238256946019918,0.595574140548706,0.0,7920.0,7920.0,7920.0,False,5.31953411592409e-05
qaplib,had14,sfw,1,1,2732.0,0.0,2724,0.002936857562408223,2656.851617216923,2.6007265064086025,2.8284271247461903,2.572129418380391,0.033423662185668945,0.0,317.0,317.0,317.0,False,0.0
qaplib,had14,tos,1,1,2732.0,0.0,2724,0.002936857562408223,2656.747694349111,2.611083016035923,2.8284271247461903,2.5896506668488812,0.1006314754486084,0.0,1768.0,1768.0,1768.0,False,1.1450561188902339e-06
qaplib,lipa80b,sfw,1,1,9313327.0,0.0,7763962,0.19955855013200735,9300668.667586476,11.67518390860279,12.24744871391589,2.6694081962778067,0.10770201683044434,0.0,76.0,76.0,76.0,False,0.0
qaplib,lipa80b,tos,1,1,7763962.0,0.0,7763962,0.0,7765826.215652741,0.01103512070995746,0.0,0.01103512070995746,1.4572696685791016,0.0,3297.0,3297.0,3297.0,False,6.397894559520945e-05
qaplib,chr20a,sfw,1,1,3762.0,0.0,2192,0.7162408759124088,3420.1490449057856,5.80908486728297,6.164414002968976,1.5255442912383361,0.047524452209472656,0.0,188.0,188.0,188.0,False,0.0
qaplib,chr20a,tos,1,1,3666.0,0.0,2192,0.6724452554744526,3015.621074250829,5.799041610924307,6.324555320336759,2.1318264020158066,0.1692194938659668,0.0,2465.0,2465.0,2465.0,False,4.2795324083493704e-05
qaplib,ste36c,sfw,1,1,8592290.0,0.0,8239110,0.042866280459904045,8113399.873881303,6.537032518237012,7.211102550927978,2.4851001061633613,0.1558825969696045,0.0,627.0,627.0,627.0,False,0.0
qaplib,ste36c,tos,1,1,8760902.0,0.0,8239110,0.06333111221964509,8286532.149280458,7.137761631916574,8.366600265340756,3.6007478489152174,0.6305325031280518,0.0,7206.0,7206.0,7206.0,False,2.569267652922044e-05
qaplib,ste36b,sfw,1,1,19572.0,0.0,15852,0.23467070401211204,19056.72767786609,7.939261213376426,8.246211251235321,1.749749812726828,0.08763861656188965,0.0,317.0,317.0,317.0,False,0.0
qaplib,ste36b,tos,1,1,19560.0,0.0,15852,0.23391370174110523,18731.608175740206,6.838012314029603,8.246211251235321,3.6252775805694055,0.5401694774627686,0.0,6070.0,6070.0,6070.0,False,1.2187161790327416e-05
qaplib,bur26b,sfw,1,1,4012266.0,0.0,3817852,0.05092235110213806,3966275.0041800244,6.095188492618189,7.211102550927978,3.5632180887548834,0.0009336471557617188,0.0,6.0,6.0,6.0,False,0.0
qaplib,bur26b,tos,1,1,3947370.0,0.0,3817852,0.03392431136670568,4001005.9470502776,5.2508859266284365,6.928203230275509,4.432409363438833,7.095241069793701,0.0,100000.0,100000.0,100000.0,True,5.062925092069139e-06
qaplib,nug17,sfw,1,1,1734.0,0.0,1732,0.0011547344110854503,1718.3536892433376,5.341832747232472,5.830951894845301,1.395971941167789,0.03750753402709961,0.0,326.0,326.0,326.0,False,0.0
qaplib,nug17,tos,1,1,1750.0,0.0,1732,0.010392609699769052,1713.035805397478,4.801623169576208,5.477225575051661,2.1187782571107214,0.27699804306030273,0.0,4583.0,4583.0,4583.0,False,2.9120692635286236e-05
qaplib,tai25a,sfw,1,1,1209648.0,0.0,1167256,0.03631765439629353,1187301.9077992053,6.499470696684035,6.928203230275509,2.033238091207176,0.04193377494812012,0.0,269.0,269.0,269.0,False,0.0
qaplib,tai25a,tos,1,1,1183338.0,0.0,1167256,0.013777611766399144,1176621.1486347828,6.465778463001142,6.782329983125268,1.407516836526341,0.286651611328125,0.0,4188.0,4188.0,4188.0,False,1.2259380847309006e-06
qaplib,wil100,sfw,1,1,274960.0,0.0,273038,0.007039313209150374,274693.9936242184,12.94867516589171,14.142135623730951,4.372435509862914,0.407501220703125,0.0,80.0,80.0,80.0,False,0.0
qaplib,wil100,tos,1,1,274658.0,0.0,273038,0.005933240061822897,275175.0564201965,10.650260726343456,14.071247279470288,8.354674187503512,3.3612542152404785,0.0,5708.0,5708.0,5708.0,False,6.305745473616809e-06
qaplib,lipa70a,sfw,1,1,172420.0,0.0,169755,0.015699095755647846,170490.39247602085,8.708956657821208,11.832159566199232,7.122135987661132,0.0810079574584961,0.0,42.0,42.0,42.0,False,0.0
qaplib,lipa70a,tos,1,1,172508.0,0.0,169755,0.016217489911931903,170277.79686481773,8.812918184813086,11.489125293076057,6.812942579510277,49.26556396484375,0.0,100000.0,100000.0,100000.0,True,2.348753824551796e-07
qaplib,tai80a,sfw,1,1,13830332.0,0.0,13499184,0.024530964241986773,13806860.701954102,12.180890814576584,12.489995996796797,2.2583686403972836,0.09434056282043457,0.0,74.0,74.0,74.0,False,0.0
qaplib,tai80a,tos,1,1,13915004.0,0.0,13499184,0.03080334337245866,13908623.279548567,11.63119631135843,12.569805089976535,3.756751813020475,5.763217210769653,0.0,10940.0,10940.0,10940.0,False,8.971791665098386e-06
qaplib,chr15c,sfw,1,1,22368.0,0.0,9504,1.3535353535353536,17405.562575132546,4.954870982065527,5.0990195135927845,1.4135585952523853,0.22156047821044922,0.0,1786.0,1786.0,1786.0,False,0.0
qaplib,chr15c,tos,1,1,14186.0,0.0,9504,0.49263468013468015,11933.62242354552,4.651388595604451,5.0990195135927845,1.651303984396618,0.21624493598937988,0.0,3165.0,3165.0,3165.0,False,4.99895814601185e-05
qaplib,nug14,sfw,1,1,1052.0,0.0,1014,0.03747534516765286,1032.6869444950737,4.884733271123837,5.291502622129181,1.5229200994780125,0.045363426208496094,0.0,403.0,403.0,403.0,False,0.0
qaplib,nug14,tos,1,1,1054.0,0.0,1014,0.03944773175542406,1014.8704730857447,4.544668656562552,5.0990195135927845,1.8837481245015721,0.17484617233276367,0.0,2764.0,2764.0,2764.0,False,2.2749330352631225e-05
qaplib,tai40b,sfw,1,1,1000820026.0,0.0,637250948,0.570527323876182,991054543.0126,8.191613373320147,8.94427190999916,1.8885690752928173,0.0013535022735595703,0.0,5.0,5.0,5.0,False,0.0
qaplib,tai40b,tos,1,1,912927927.0,0.0,637250948,0.4326034819802261,887145665.0626025,6.429103459584445,8.831760866327848,5.971755556821485,10.341980934143066,0.0,100000.0,100000.0,100000.0,True,0.0022850668014000684
qaplib,tai50a,sfw,1,1,5075312.0,0.0,4938796,0.027641554743301808,5062305.251638183,9.096773173112135,9.486832980505138,1.6372488274449644,0.07012367248535156,0.0,166.0,166.0,166.0,False,0.0
qaplib,tai50a,tos,1,1,5082902.0,0.0,4938796,0.029178366549256134,5056738.430653996,9.203661974500184,9.899494936611665,2.8031621123575325,1.1694433689117432,0.0,9263.0,9263.0,9263.0,False,1.9173013031742197e-05
qaplib,chr12c,sfw,1,1,12176.0,0.0,11156,0.0914306202940122,9220.765502300099,4.537750371673486,4.898979485566356,1.5850674473199027,0.2933366298675537,0.0,3310.0,3310.0,3310.0,False,0.0
qaplib,chr12c,tos,1,1,13072.0,0.0,11156,0.17174614557188955,9736.899585917161,4.042894240599524,4.47213595499958,1.7278202686474982,0.07013893127441406,0.0,1250.0,1250.0,1250.0,False,3.565605862715217e-05
qaplib,esc16c,sfw,1,1,164.0,0.0,160,0.025,145.46163673147734,4.803562941378999,5.656854249492381,2.317999679899611,0.12768912315368652,0.0,1267.0,1267.0,1267.0,False,0.0
qaplib,esc16c,tos,1,1,162.0,0.0,160,0.0125,145.07057634700126,5.0106312100512405,5.656854249492381,2.3447530609645217,0.17413687705993652,0.0,3000.0,3000.0,3000.0,False,6.198376714883603e-05
qaplib,nug22,sfw,1,1,3712.0,0.0,3596,0.03225806451612903,3676.068121691762,5.267840361751136,5.656854249492381,2.12075956218125,0.03458452224731445,0.0,243.0,243.0,243.0,False,0.0
qaplib,nug22,tos,1,1,3622.0,0.0,3596,0.007230255839822024,3576.647032289601,5.737890976006368,6.48074069840786,2.5744290045016185,0.34763669967651367,0.0,4727.0,4727.0,4727.0,False,3.274596408817317e-05
qaplib,esc32g,sfw,1,1,8.0,0.0,6,0.3333333333333333,3.8571430522346484,7.179787963829376,8.0,3.1824591828383477,0.012148618698120117,0.0,78.0,78.0,78.0,False,0.0
qaplib,esc32g,tos,1,1,6.0,0.0,6,0.0,2.869924714110656,5.878171654827996,8.0,5.1363830073864865,0.11767935752868652,0.0,1475.0,1475.0,1475.0,False,3.716500458226293e-05
qaplib,nug27,sfw,1,1,5312.0,0.0,5234,0.014902560183416125,5278.489750599126,5.911539930627162,6.48074069840786,2.075550029736237,0.024136781692504883,0.0,137.0,137.0,137.0,False,0.0
qaplib,nug27,tos,1,1,5514.0,0.0,5234,0.05349636988918609,5444.651345815649,5.989053529002079,6.782329983125268,3.06224155626225,0.3296477794647217,0.0,4397.0,4397.0,4397.0,False,1.9240704484096376e-05
qaplib,lipa90b,sfw,1,1,12490441.0,0.0,12490441,0.0,12490441.0,0.0,0.0,0.0,0.029011011123657227,0.0,16.0,16.0,16.0,False,0.0
qaplib,lipa90b,tos,1,1,12490441.0,0.0,12490441,0.0,12491399.079697067,0.006818457001769003,0.0,0.006818457001769003,1.3837881088256836,0.0,2683.0,2683.0,2683.0,False,8.72983456998742e-05
qaplib,chr20c,sfw,1,1,18198.0,0.0,14142,0.28680526092490455,18144.08180778032,6.278603780174405,6.324555320336759,0.35125858123569764,0.002466440200805664,0.0,8.0,8.0,8.0,False,0.0
qaplib,chr20c,tos,1,1,19742.0,0.0,14142,0.39598359496535146,19890.244455192005,5.407724895045342,5.830951894845301,2.1766765336864773,0.2520148754119873,0.0,3282.0,3282.0,3282.0,False,4.170104630467404e-05
qaplib,esc32h,sfw,1,1,446.0,0.0,438,0.0182648401826484,424.83610987057136,7.333227367738541,8.0,2.54112000635289,0.10218262672424316,0.0,564.0,564.0,564.0,False,0.0
qaplib,esc32h,tos,1,1,452.0,0.0,438,0.0319634703196347,424.9923691617002,6.233693348581816,7.874007874011811,4.394886918076858,0.3822462558746338,0.0,4638.0,4638.0,4638.0,False,2.6034887796508294e-05
qaplib,tho40,sfw,1,1,246688.0,0.0,240516,0.025661494453591446,245323.38591256808,8.140962812529775,8.831760866327848,2.739326215285508,0.031888484954833984,0.0,93.0,93.0,93.0,False,0.0
qaplib,tho40,tos,1,1,247970.0,0.0,240516,0.030991701175805353,245983.65888634848,7.811754726274491,8.94427190999916,3.544064901939486,0.48479509353637695,0.0,5045.0,5045.0,5045.0,False,1.37812464650208e-05
qaplib,sko100d,sfw,1,1,150434.0,0.0,149576,0.00573621436594106,150366.7478756624,13.35047937807238,14.071247279470288,3.068559548879668,0.4860830307006836,0.0,92.0,92.0,92.0,False,0.0
qaplib,sko100d,tos,1,1,151296.0,0.0,149576,0.011499170989998395,151674.55762780178,10.89810071914452,14.071247279470288,7.996298273085114,4.200986862182617,0.0,5989.0,5989.0,5989.0,False,3.4616757991338513e-06
qaplib,sko90,sfw,1,1,117394.0,0.0,115534,0.01609915695812488,117291.09051756246,12.419345920017305,13.19090595827292,3.4712900753579374,0.19502711296081543,0.0,47.0,47.0,47.0,False,0.0
qaplib,sko90,tos,1,1,117072.0,0.0,115534,0.013312098603008637,117139.78919110584,10.429983934996411,13.19090595827292,7.238858559541018,3.383659601211548,0.0,6080.0,6080.0,6080.0,False,6.111878823673255e-06
qaplib,tai64c,sfw,1,1,2009056.0,0.0,1855928,0.08250751106723968,2009056.0,11.135528725660043,11.135528725660043,0.0,0.012623786926269531,0.0,14.0,14.0,14.0,False,0.0
qaplib,tai64c,tos,1,1,2002700.0,0.0,1855928,0.07908280924691044,2002789.5798518164,8.002963845838513,11.313708498984761,7.81854887672806,0.12700605392456055,0.0,649.0,649.0,649.0,False,4.1764955980507946e-05
qaplib,nug16b,sfw,1,1,1252.0,0.0,1240,0.00967741935483871,1237.8997348772612,5.253700569465027,5.656854249492381,1.1665268647458975,0.050724029541015625,0.0,454.0,454.0,454.0,False,0.0
qaplib,nug16b,tos,1,1,1254.0,0.0,1240,0.01129032258064516,1230.6711873900404,5.350126525456991,5.656854249492381,1.4174516719156678,0.13372325897216797,0.0,2224.0,2224.0,2224.0,False,3.7388810899346946e-05
qaplib,tai12a,sfw,1,1,239302.0,0.0,224416,0.06633216882931699,232703.22412471904,4.124637951683541,4.47213595499958,1.3974364836861246,0.044358015060424805,0.0,472.0,472.0,472.0,False,0.0
qaplib,tai12a,tos,1,1,239912.0,0.0,224416,0.06905033509197205,230147.26793242805,4.0418002780698385,4.69041575982343,1.6676170055421662,0.13929414749145508,0.0,2433.0,2433.0,2433.0,False,4.231528222330361e-06
qaplib,esc16j,sfw,1,1,8.0,0.0,8,0.0,8.0,5.477225575051661,5.477225575051661,0.0,0.0009496212005615234,0.0,9.0,9.0,9.0,False,0.0
qaplib,esc16j,tos,1,1,8.0,0.0,8,0.0,8.002171417521646,4.688778428031743,5.291502622129181,2.7679534547661957,0.07635235786437988,0.0,1285.0,1285.0,1285.0,False,5.509504663739812e-06
qaplib,sko56,sfw,1,1,34624.0,0.0,34458,0.004817458935515701,34585.94960222063,10.141312881595606,10.583005244258363,2.1138929676553904,0.045441627502441406,0.0,72.0,72.0,72.0,False,0.0
qaplib,sko56,tos,1,1,35238.0,0.0,34458,0.022636252829531602,35018.34866598484,8.849443044681811,10.583005244258363,4.925284898671281,0.8537044525146484,0.0,5839.0,5839.0,5839.0,False,5.8755462831660474e-06
qaplib,sko100f,sfw,1,1,150084.0,0.0,149036,0.007031858074559167,150030.68437121445,13.299265225437694,14.071247279470288,3.1600061050021333,0.16208791732788086,0.0,30.0,30.0,30.0,False,0.0
qaplib,sko100f,tos,1,1,151660.0,0.0,149036,0.01760648433935425,151678.80915763805,10.98432477202197,14.0,7.874374232180607,4.866641283035278,0.0,6630.0,6630.0,6630.0,False,7.854359669859603e-06
qaplib,nug18,sfw,1,1,1968.0,0.0,1930,0.019689119170984457,1924.6974314219315,5.084312682475944,5.656854249492381,2.1279265579063065,0.07169151306152344,0.0,269.0,269.0,269.0,False,0.0
qaplib,nug18,tos,1,1,1990.0,0.0,1930,0.031088082901554404,1929.2455517758249,5.219705749635523,5.830951894845301,2.3596781959787863,0.19506287574768066,0.0,3063.0,3063.0,3063.0,False,9.159407692302591e-06
qaplib,chr18b,sfw,1,1,2030.0,0.0,1534,0.32333767926988266,1598.0476484968076,5.116955445944055,5.830951894845301,2.086775987109533,0.37926387786865234,0.0,3415.0,3415.0,3415.0,False,0.0
qaplib,chr18b,tos,1,1,1832.0,0.0,1534,0.19426336375488917,1410.7405751212627,4.760865691102453,5.477225575051661,2.439970534811312,0.12922930717468262,0.0,2090.0,2090.0,2090.0,False,5.295639378715516e-05
qaplib,esc32a,sfw,1,1,156.0,0.0,130,0.2,146.32922385359703,7.155185020720758,7.615773105863909,2.008634045962168,0.14268779754638672,0.0,747.0,747.0,747.0,False,0.0
qaplib,esc32a,tos,1,1,148.0,0.0,130,0.13846153846153847,141.1848411826559,7.2122687946085415,8.0,3.0084480306506785,0.5520784854888916,0.0,6520.0,6520.0,6520.0,False,4.224348298997593e-05
qaplib,sko64,sfw,1,1,49656.0,0.0,48498,0.02387727328962019,49022.55379545468,10.31502435571149,11.135528725660043,3.005492453480885,0.05428194999694824,0.0,54.0,54.0,54.0,False,0.0
qaplib,sko64,tos,1,1,49600.0,0.0,48498,0.022722586498412304,49218.6623424067,9.339524206026704,11.313708498984761,5.4773291580120675,1.1258673667907715,0.0,6250.0,6250.0,6250.0,False,8.877118093372702e-06
qaplib,lipa50a,sfw,1,1,63370.0,0.0,62093,0.020565925305590003,62399.05888437929,7.357638907147766,10.0,5.934177277052468,0.03154945373535156,0.0,48.0,48.0,48.0,False,0.0
qaplib,lipa50a,tos,1,1,63384.0,0.0,62093,0.020791393554829046,62319.729029733186,7.432300591250474,9.797958971132712,5.84552641880419,12.707406282424927,0.0,100000.0,100000.0,100000.0,True,4.0564137434119867e-07
qaplib,tai256c,sfw,1,1,45144342.0,0.0,44759294,0.008602637923645533,45144342.0,22.627416997969522,22.627416997969522,0.0,0.4437077045440674,0.0,32.0,32.0,32.0,False,0.0
qaplib,tai256c,tos,1,1,45228272.0,0.0,44759294,0.010477779207151927,45229495.58750411,16.006432992436462,22.627416997969522,15.908509177771842,3.6730329990386963,0.0,801.0,801.0,801.0,False,3.725050743265441e-05
qaplib,lipa70b,sfw,1,1,4603200.0,0.0,4603200,0.0,4603200.0,0.0,0.0,0.0,0.0474247932434082,0.0,41.0,41.0,41.0,False,0.0
qaplib,lipa70b,tos,1,1,4603200.0,0.0,4603200,0.0,4605140.581399975,0.009380264733730255,0.0,0.009380264733730255,2.6570169925689697,0.0,6490.0,6490.0,6490.0,False,9.293725256999158e-05
qaplib,kra32,sfw,1,1,91470.0,0.0,88700,0.031228861330326946,89752.21057535842,7.175438618897267,7.874007874011811,2.543616449901486,0.08137679100036621,0.0,230.0,230.0,230.0,False,0.0
qaplib,kra32,tos,1,1,90820.0,0.0,88700,0.023900789177001128,89173.88149876954,6.885996071982714,7.745966692414834,3.0959618571741623,0.36054110527038574,0.0,4363.0,4363.0,4363.0,False,8.076653808774187e-06
qaplib,tai100b,sfw,1,1,1403284619.0,0.0,1185996137,0.18321179573960114,1396780139.7238705,11.815063335129658,14.0,5.04279362787066,0.019831418991088867,0.0,7.0,7.0,7.0,False,0.0
qaplib,tai100b,tos,1,1,1372653385.0,0.0,1185996137,0.15738436422917287,1376442767.2240932,10.703361414018124,14.0,8.486557382380392,92.62214517593384,0.0,95119.0,95119.0,95119.0,False,6.721708866284529e-06
qaplib,tai150b,sfw,1,1,585610680.0,0.0,498896643,0.17381162654966992,583273475.877325,15.610949346227045,17.146428199482248,3.9010804818683518,0.06447863578796387,0.0,7.0,7.0,7.0,False,0.0
qaplib,tai150b,tos,1,1,555769297.0,0.0,498896643,0.11399686648122023,563592499.4855297,12.49064965296422,17.320508075688775,11.714249418621781,205.80743718147278,0.0,100000.0,100000.0,100000.0,True,6.137162181729224e-05
qaplib,els19,sfw,1,1,38171010.0,0.0,17212548,1.2176269312364445,38171010.0,5.656854249492381,5.656854249492381,0.0,0.0010192394256591797,0.0,3.0,3.0,3.0,False,0.0
qaplib,els19,tos,1,1,22539680.0,0.0,17212548,0.3094911921233277,20235381.557296026,4.604765080847646,5.830951894845301,3.1756882427123903,0.39528393745422363,0.0,5061.0,5061.0,5061.0,False,2.106594179508878e-05
qaplib,tai50b,sfw,1,1,548205457.0,0.0,458821517,0.1948120057325036,539092130.6657112,8.05051459775805,9.899494936611665,5.201983090048144,0.005766391754150391,0.0,14.0,14.0,14.0,False,0.0
qaplib,tai50b,tos,1,1,531647583.0,0.0,458821517,0.15872417334778133,532351133.2387457,7.635410922914396,9.797958971132712,5.934372841575712,0.8038632869720459,0.0,5851.0,5851.0,5851.0,False,1.433734754984261e-05
qaplib,sko100e,sfw,1,1,150300.0,0.0,149150,0.0077103586992960105,150170.79830943036,13.13274199815198,13.92838827718412,3.2672666788021543,0.33870625495910645,0.0,61.0,61.0,61.0,False,0.0
qaplib,sko100e,tos,1,1,150782.0,0.0,149150,0.010942004693261818,151011.98685023194,11.090518826188983,14.071247279470288,7.851835583833202,5.820584058761597,0.0,6286.0,6286.0,6286.0,False,9.396006697089428e-06
qaplib,nug21,sfw,1,1,2520.0,0.0,2438,0.033634126333059886,2487.65738216287,5.611706805255249,6.164414002968976,2.429558027795736,0.07543778419494629,0.0,228.0,228.0,228.0,False,0.0
qaplib,nug21,tos,1,1,2456.0,0.0,2438,0.007383100902378999,2437.8861810628823,5.654043375658832,6.324555320336759,1.7179101781757506,0.36227941513061523,0.0,4717.0,4717.0,4717.0,False,2.220896203051158e-05
qaplib,bur26a,sfw,1,1,5745665.0,0.0,5426670,0.058782826300475245,5724660.646542076,5.928280747251399,7.0710678118654755,3.5664933109162513,0.001257181167602539,0.0,7.0,7.0,7.0,False,0.0
qaplib,bur26a,tos,1,1,5768649.0,0.0,5426670,0.0630182045342724,5830398.473936035,5.239857100807298,6.928203230275509,4.563419749386315,7.984882831573486,0.0,100000.0,100000.0,100000.0,True,0.00010906281982056917
qaplib,scr20,sfw,1,1,118638.0,0.0,110030,0.07823320912478415,112502.07167722142,5.333169231515017,6.0,1.793493798516359,0.09113597869873047,0.0,756.0,756.0,756.0,False,0.0
qaplib,scr20,tos,1,1,111726.0,0.0,110030,0.015413978005998363,106767.75555265642,5.433872199014479,5.830951894845301,1.5522548221179349,0.2257692813873291,0.0,3454.0,3454.0,3454.0,False,4.085979165864808e-05
qaplib,nug15,sfw,1,1,1150.0,0.0,1150,0.0,1134.5755582156905,4.952131768933579,5.291502622129181,1.3522520647175704,0.023003101348876953,0.0,214.0,214.0,214.0,False,0.0
qaplib,nug15,tos,1,1,1176.0,0.0,1150,0.022608695652173914,1139.4134888952922,4.289414247023334,4.898979485566356,2.1629459033724356,0.16605091094970703,0.0,2486.0,2486.0,2486.0,False,3.214817293800645e-05
qaplib,tai80b,sfw,1,1,1011513371.0,0.0,818415043,0.2359418117391569,1011502808.8035454,12.487919862349651,12.569805089976535,0.1632506941898913,0.01177525520324707,0.0,9.0,9.0,9.0,False,0.0
qaplib,tai80b,tos,1,1,1006402440.0,0.0,818415043,0.2296968984232124,1037433247.9063871,9.222361503319465,12.569805089976535,8.17455876956916,61.94747829437256,0.0,100000.0,100000.0,100000.0,True,0.00013696540684125232
qaplib,tai60a,sfw,1,1,7373708.0,0.0,7205962,0.023278779432919575,7357788.366324076,10.264109191468977,10.583005244258363,2.1543026814245696,0.07744622230529785,0.0,75.0,75.0,75.0,False,0.0
qaplib,tai60a,tos,1,1,7430474.0,0.0,7205962,0.031156422973088117,7378538.62088499,9.986002065493226,10.770329614269007,3.267825901163571,1.3795974254608154,0.0,7597.0,7597.0,7597.0,False,2.0251255849525966e-05
qaplib,sko49,sfw,1,1,23652.0,0.0,23386,0.011374326520140254,23619.226830160285,9.233534131232194,9.695359714832659,2.235154028901357,0.02929091453552246,0.0,50.0,50.0,50.0,False,0.0
qaplib,sko49,tos,1,1,24004.0,0.0,23386,0.02642606687761909,23620.73392544159,7.979112416024552,9.695359714832659,4.861362804119966,0.563920259475708,0.0,4338.0,4338.0,4338.0,False,1.0481486840522374e-05
qaplib,esc16a,sfw,1,1,76.0,0.0,68,0.11764705882352941,68.75241113348372,4.8488543348141615,5.291502622129181,1.6961158542325907,0.0949866771697998,0.0,874.0,874.0,874.0,False,0.0
qaplib,esc16a,tos,1,1,70.0,0.0,68,0.029411764705882353,65.03420696823932,4.253364377210871,5.477225575051661,2.721938471042443,0.08087325096130371,0.0,1285.0,1285.0,1285.0,False,4.7225744402301535e-05
